opportunities,successes,success_rate
1,1,1.0
1,1,1.0
1,1,1.0
4,3,0.75
42,21,0.5
6,3,0.5
10,5,0.5
6,3,0.5
2,1,0.5
2,1,0.5
41,19,0.4634146341463415
11,5,0.45454545454545453
11,5,0.45454545454545453
11,5,0.45454545454545453
29,13,0.4482758620689655
45,20,0.4444444444444444
158,70,0.4430379746835443
95,42,0.4421052631578947
63,27,0.42857142857142855
35,15,0.42857142857142855
558,235,0.4211469534050179
182,76,0.4175824175824176
642,268,0.4174454828660436
698,291,0.4169054441260745
12,5,0.4166666666666667
29,12,0.41379310344827586
274,113,0.4124087591240876
696,286,0.4109195402298851
95,39,0.4105263157894737
22,9,0.4090909090909091
687,281,0.4090247452692867
657,268,0.4079147640791476
27,11,0.4074074074074074
226,92,0.40707964601769914
74,30,0.40540540540540543
47,19,0.40425531914893614
47,19,0.40425531914893614
161,65,0.40372670807453415
625,252,0.4032
335,135,0.40298507462686567
558,224,0.4014336917562724
337,135,0.40059347181008903
235,94,0.4
5,2,0.4
15,6,0.4
15,6,0.4
546,218,0.3992673992673993
148,59,0.39864864864864863
720,287,0.39861111111111114
103,41,0.39805825242718446
701,278,0.39657631954350925
575,228,0.39652173913043476
159,63,0.39622641509433965
662,262,0.3957703927492447
731,289,0.3953488372093023
446,176,0.39461883408071746
621,245,0.394524959742351
28,11,0.39285714285714285
426,167,0.392018779342723
676,265,0.39201183431952663
421,165,0.3919239904988123
621,243,0.391304347826087
138,54,0.391304347826087
248,97,0.3911290322580645
491,192,0.3910386965376782
557,217,0.3895870736086176
712,277,0.3890449438202247
18,7,0.3888888888888889
144,56,0.3888888888888889
589,229,0.38879456706281834
229,89,0.388646288209607
175,68,0.38857142857142857
672,261,0.38839285714285715
85,33,0.38823529411764707
563,218,0.3872113676731794
210,81,0.38571428571428573
306,118,0.38562091503267976
667,257,0.3853073463268366
444,171,0.38513513513513514
644,248,0.38509316770186336
595,229,0.38487394957983195
650,250,0.38461538461538464
580,223,0.38448275862068965
666,256,0.3843843843843844
86,33,0.38372093023255816
206,79,0.38349514563106796
715,274,0.3832167832167832
713,273,0.38288920056100983
740,283,0.3824324324324324
280,107,0.3821428571428571
726,277,0.38154269972451793
692,264,0.3815028901734104
459,175,0.3812636165577342
601,229,0.3810316139767055
696,265,0.3807471264367816
436,166,0.38073394495412843
704,268,0.3806818181818182
505,192,0.3801980198019802
116,44,0.3793103448275862
457,173,0.3785557986870897
180,68,0.37777777777777777
331,125,0.3776435045317221
625,236,0.3776
689,260,0.37735849056603776
427,161,0.3770491803278688
268,101,0.376865671641791
276,104,0.37681159420289856
637,240,0.37676609105180536
452,170,0.37610619469026546
391,147,0.37595907928388744
474,178,0.3755274261603376
719,270,0.37552155771905427
489,183,0.37423312883435583
535,200,0.37383177570093457
265,99,0.37358490566037733
498,186,0.37349397590361444
354,132,0.3728813559322034
110,41,0.37272727272727274
196,73,0.37244897959183676
621,231,0.3719806763285024
482,179,0.37136929460580914
461,171,0.37093275488069416
340,126,0.37058823529411766
343,127,0.37026239067055394
600,222,0.37
284,105,0.36971830985915494
487,180,0.36960985626283366
547,202,0.3692870201096892
650,240,0.36923076923076925
707,261,0.36916548797736914
298,110,0.3691275167785235
637,235,0.36891679748822603
667,246,0.36881559220389803
141,52,0.36879432624113473
602,222,0.3687707641196013
299,110,0.36789297658862874
618,227,0.3673139158576052
373,137,0.3672922252010724
384,141,0.3671875
128,47,0.3671875
654,240,0.3669724770642202
436,160,0.3669724770642202
270,99,0.36666666666666664
431,158,0.3665893271461717
131,48,0.366412213740458
475,174,0.3663157894736842
243,89,0.3662551440329218
366,134,0.366120218579235
336,123,0.36607142857142855
713,261,0.36605890603085556
260,95,0.36538461538461536
668,244,0.3652694610778443
126,46,0.36507936507936506
162,59,0.36419753086419754
489,178,0.36400817995910023
621,226,0.3639291465378422
704,256,0.36363636363636365
253,92,0.36363636363636365
11,4,0.36363636363636365
77,28,0.36363636363636365
685,249,0.3635036496350365
465,169,0.3634408602150538
633,230,0.36334913112164297
713,259,0.3632538569424965
369,134,0.36314363143631434
529,192,0.3629489603024575
361,131,0.3628808864265928
576,209,0.3628472222222222
295,107,0.36271186440677966
323,117,0.3622291021671827
486,176,0.36213991769547327
304,110,0.3618421052631579
351,127,0.36182336182336183
495,179,0.3616161616161616
285,103,0.36140350877192984
119,43,0.36134453781512604
418,151,0.361244019138756
637,230,0.36106750392464676
25,9,0.36
403,145,0.3598014888337469
217,78,0.35944700460829493
562,202,0.3594306049822064
345,124,0.35942028985507246
323,116,0.3591331269349845
582,209,0.359106529209622
401,144,0.35910224438902744
273,98,0.358974358974359
39,14,0.358974358974359
613,220,0.35889070146818924
184,66,0.358695652173913
469,168,0.3582089552238806
162,58,0.35802469135802467
221,79,0.3574660633484163
512,183,0.357421875
14,5,0.35714285714285715
602,215,0.35714285714285715
345,123,0.3565217391304348
73,26,0.3561643835616438
542,193,0.35608856088560886
59,21,0.3559322033898305
678,241,0.3554572271386431
633,225,0.35545023696682465
166,59,0.35542168674698793
152,54,0.35526315789473684
656,233,0.3551829268292683
282,100,0.3546099290780142
158,56,0.35443037974683544
429,152,0.3543123543123543
271,96,0.35424354243542433
633,224,0.353870458135861
622,220,0.3536977491961415
492,174,0.35365853658536583
594,210,0.35353535353535354
252,89,0.3531746031746032
609,215,0.3530377668308703
714,252,0.35294117647058826
547,193,0.35283363802559414
349,123,0.3524355300859599
443,156,0.35214446952595935
608,214,0.3519736842105263
287,101,0.3519163763066202
128,45,0.3515625
609,214,0.35139573070607555
356,125,0.351123595505618
533,187,0.350844277673546
382,134,0.3507853403141361
77,27,0.35064935064935066
428,150,0.35046728971962615
371,130,0.3504043126684636
137,48,0.35036496350364965
648,227,0.35030864197530864
60,21,0.35
383,134,0.34986945169712796
103,36,0.34951456310679613
433,151,0.34872979214780603
697,243,0.3486370157819225
287,100,0.34843205574912894
356,124,0.34831460674157305
356,124,0.34831460674157305
468,163,0.3482905982905983
520,181,0.34807692307692306
684,238,0.347953216374269
276,96,0.34782608695652173
515,179,0.34757281553398056
328,114,0.3475609756097561
426,148,0.3474178403755869
363,126,0.34710743801652894
640,222,0.346875
620,215,0.3467741935483871
199,69,0.34673366834170855
600,208,0.3466666666666667
251,87,0.3466135458167331
531,184,0.3465160075329567
557,193,0.3464991023339318
456,158,0.34649122807017546
482,167,0.34647302904564314
381,132,0.3464566929133858
283,98,0.3462897526501767
636,220,0.34591194968553457
853,295,0.34583821805392734
405,140,0.345679012345679
368,127,0.3451086956521739
484,167,0.3450413223140496
200,69,0.345
29,10,0.3448275862068966
145,50,0.3448275862068966
32,11,0.34375
96,33,0.34375
643,221,0.343701399688958
454,156,0.3436123348017621
489,168,0.34355828220858897
620,213,0.3435483870967742
242,83,0.34297520661157027
394,135,0.3426395939086294
546,187,0.3424908424908425
438,150,0.3424657534246575
590,202,0.3423728813559322
526,180,0.34220532319391633
678,232,0.3421828908554572
38,13,0.34210526315789475
652,223,0.34202453987730064
325,111,0.3415384615384615
41,14,0.34146341463414637
290,99,0.3413793103448276
498,170,0.3413654618473896
167,57,0.3413173652694611
472,161,0.3411016949152542
258,88,0.34108527131782945
658,224,0.3404255319148936
147,50,0.3401360544217687
421,143,0.33966745843230406
106,36,0.33962264150943394
221,75,0.3393665158371041
286,97,0.33916083916083917
115,39,0.3391304347826087
174,59,0.3390804597701149
121,41,0.33884297520661155
62,21,0.3387096774193548
505,171,0.33861386138613864
254,86,0.33858267716535434
387,131,0.3385012919896641
656,222,0.3384146341463415
500,169,0.338
666,225,0.33783783783783783
480,162,0.3375
252,85,0.3373015873015873
258,87,0.3372093023255814
368,124,0.33695652173913043
475,160,0.3368421052631579
704,237,0.3366477272727273
333,112,0.33633633633633636
461,155,0.3362255965292842
322,108,0.33540372670807456
633,212,0.334913112164297
248,83,0.3346774193548387
296,99,0.3344594594594595
338,113,0.3343195266272189
452,151,0.334070796460177
557,186,0.3339317773788151
3,1,0.3333333333333333
180,60,0.3333333333333333
540,180,0.3333333333333333
27,9,0.3333333333333333
6,2,0.3333333333333333
6,2,0.3333333333333333
51,17,0.3333333333333333
435,145,0.3333333333333333
288,96,0.3333333333333333
42,14,0.3333333333333333
656,218,0.3323170731707317
256,85,0.33203125
256,85,0.33203125
473,157,0.33192389006342493
705,234,0.33191489361702126
437,145,0.3318077803203661
654,217,0.3318042813455658
570,189,0.33157894736842103
166,55,0.3313253012048193
477,158,0.3312368972746331
625,207,0.3312
713,236,0.33099579242636745
130,43,0.33076923076923076
378,125,0.3306878306878307
115,38,0.33043478260869563
639,211,0.3302034428794992
418,138,0.33014354066985646
97,32,0.32989690721649484
640,211,0.3296875
480,158,0.32916666666666666
149,49,0.3288590604026846
438,144,0.3287671232876712
362,119,0.3287292817679558
496,163,0.3286290322580645
700,230,0.32857142857142857
128,42,0.328125
61,20,0.32786885245901637
409,134,0.3276283618581907
58,19,0.3275862068965517
168,55,0.3273809523809524
165,54,0.32727272727272727
575,188,0.3269565217391304
615,201,0.32682926829268294
251,82,0.32669322709163345
147,48,0.32653061224489793
144,47,0.3263888888888889
181,59,0.3259668508287293
362,118,0.3259668508287293
494,161,0.3259109311740891
375,122,0.3253333333333333
83,27,0.3253012048192771
197,64,0.3248730964467005
234,76,0.3247863247863248
579,188,0.32469775474956825
231,75,0.3246753246753247
444,144,0.32432432432432434
364,118,0.3241758241758242
509,165,0.3241650294695481
68,22,0.3235294117647059
96,31,0.3229166666666667
158,51,0.3227848101265823
378,122,0.32275132275132273
468,151,0.32264957264957267
149,48,0.3221476510067114
354,114,0.3220338983050847
497,160,0.32193158953722334
494,159,0.32186234817813764
522,168,0.3218390804597701
463,149,0.32181425485961124
56,18,0.32142857142857145
333,107,0.3213213213213213
327,105,0.3211009174311927
268,86,0.3208955223880597
340,109,0.3205882352941177
721,231,0.32038834951456313
250,80,0.32
25,8,0.32
50,16,0.32
50,16,0.32
666,213,0.31981981981981983
444,142,0.31981981981981983
369,118,0.31978319783197834
172,55,0.31976744186046513
172,55,0.31976744186046513
97,31,0.31958762886597936
238,76,0.31932773109243695
508,162,0.3188976377952756
207,66,0.3188405797101449
160,51,0.31875
113,36,0.3185840707964602
270,86,0.31851851851851853
201,64,0.31840796019900497
531,169,0.3182674199623352
44,14,0.3181818181818182
154,49,0.3181818181818182
635,202,0.31811023622047246
217,69,0.31797235023041476
217,69,0.31797235023041476
387,123,0.3178294573643411
287,91,0.3170731707317073
265,84,0.3169811320754717
650,206,0.3169230769230769
420,133,0.31666666666666665
199,63,0.3165829145728643
79,25,0.31645569620253167
392,124,0.3163265306122449
634,200,0.31545741324921134
425,134,0.31529411764705884
232,73,0.3146551724137931
35,11,0.3142857142857143
207,65,0.3140096618357488
223,70,0.31390134529147984
188,59,0.31382978723404253
408,128,0.3137254901960784
67,21,0.31343283582089554
584,183,0.3133561643835616
214,67,0.3130841121495327
115,36,0.3130434782608696
147,46,0.3129251700680272
64,20,0.3125
32,10,0.3125
647,202,0.312210200927357
455,142,0.3120879120879121
186,58,0.3118279569892473
308,96,0.3116883116883117
154,48,0.3116883116883117
370,115,0.3108108108108108
103,32,0.3106796116504854
509,158,0.3104125736738703
227,70,0.30837004405286345
26,8,0.3076923076923077
117,36,0.3076923076923077
231,71,0.30735930735930733
531,163,0.3069679849340866
369,113,0.3062330623306233
242,74,0.30578512396694213
72,22,0.3055555555555556
259,79,0.305019305019305
164,50,0.3048780487804878
92,28,0.30434782608695654
513,156,0.30409356725146197
148,45,0.30405405405405406
576,175,0.3038194444444444
135,41,0.3037037037037037
514,156,0.3035019455252918
66,20,0.30303030303030304
426,129,0.3028169014084507
248,75,0.3024193548387097
275,83,0.3018181818181818
199,60,0.3015075376884422
249,75,0.30120481927710846
83,25,0.30120481927710846
180,54,0.3
60,18,0.3
60,18,0.3
10,3,0.3
200,60,0.3
80,24,0.3
30,9,0.3
60,18,0.3
501,150,0.2994011976047904
284,85,0.2992957746478873
87,26,0.2988505747126437
188,56,0.2978723404255319
175,52,0.29714285714285715
266,79,0.29699248120300753
266,79,0.29699248120300753
621,184,0.2962962962962963
189,56,0.2962962962962963
81,24,0.2962962962962963
54,16,0.2962962962962963
115,34,0.2956521739130435
565,167,0.29557522123893804
88,26,0.29545454545454547
122,36,0.29508196721311475
357,105,0.29411764705882354
647,190,0.2936630602782071
58,17,0.29310344827586204
116,34,0.29310344827586204
157,46,0.2929936305732484
41,12,0.2926829268292683
202,59,0.29207920792079206
226,66,0.2920353982300885
329,96,0.2917933130699088
24,7,0.2916666666666667
264,77,0.2916666666666667
343,100,0.2915451895043732
196,57,0.29081632653061223
289,84,0.2906574394463668
31,9,0.2903225806451613
62,18,0.2903225806451613
286,83,0.2902097902097902
245,71,0.2897959183673469
107,31,0.2897196261682243
114,33,0.2894736842105263
76,22,0.2894736842105263
152,44,0.2894736842105263
83,24,0.2891566265060241
156,45,0.28846153846153844
309,89,0.28802588996763756
80,23,0.2875
94,27,0.2872340425531915
390,112,0.28717948717948716
150,43,0.2866666666666667
297,85,0.28619528619528617
7,2,0.2857142857142857
49,14,0.2857142857142857
28,8,0.2857142857142857
84,24,0.2857142857142857
7,2,0.2857142857142857
305,87,0.28524590163934427
179,51,0.2849162011173184
302,86,0.2847682119205298
144,41,0.2847222222222222
116,33,0.28448275862068967
95,27,0.28421052631578947
155,44,0.2838709677419355
293,83,0.2832764505119454
106,30,0.2830188679245283
85,24,0.2823529411764706
217,61,0.28110599078341014
153,43,0.28104575163398693
68,19,0.27941176470588236
154,43,0.2792207792207792
240,67,0.2791666666666667
147,41,0.2789115646258503
202,56,0.27722772277227725
231,64,0.27705627705627706
65,18,0.27692307692307694
47,13,0.2765957446808511
47,13,0.2765957446808511
124,34,0.27419354838709675
208,57,0.27403846153846156
223,61,0.273542600896861
278,76,0.2733812949640288
11,3,0.2727272727272727
22,6,0.2727272727272727
121,33,0.2727272727272727
301,82,0.2724252491694352
129,35,0.2713178294573643
96,26,0.2708333333333333
100,27,0.27
52,14,0.2692307692307692
93,25,0.26881720430107525
93,25,0.26881720430107525
242,65,0.26859504132231404
228,61,0.2675438596491228
15,4,0.26666666666666666
45,12,0.26666666666666666
30,8,0.26666666666666666
49,13,0.2653061224489796
117,31,0.26495726495726496
34,9,0.2647058823529412
34,9,0.2647058823529412
91,24,0.26373626373626374
19,5,0.2631578947368421
19,5,0.2631578947368421
137,36,0.26277372262773724
122,32,0.26229508196721313
23,6,0.2608695652173913
69,18,0.2608695652173913
35,9,0.2571428571428571
121,31,0.256198347107438
98,25,0.25510204081632654
8,2,0.25
28,7,0.25
4,1,0.25
20,5,0.25
204,51,0.25
129,32,0.24806201550387597
86,21,0.2441860465116279
33,8,0.24242424242424243
145,35,0.2413793103448276
50,12,0.24
25,6,0.24
84,20,0.23809523809523808
21,5,0.23809523809523808
21,5,0.23809523809523808
89,21,0.23595505617977527
17,4,0.23529411764705882
47,11,0.23404255319148937
30,7,0.23333333333333334
151,35,0.23178807947019867
244,56,0.22950819672131148
61,14,0.22950819672131148
48,11,0.22916666666666666
35,8,0.22857142857142856
22,5,0.22727272727272727
71,16,0.22535211267605634
89,20,0.2247191011235955
175,39,0.22285714285714286
18,4,0.2222222222222222
9,2,0.2222222222222222
111,24,0.21621621621621623
14,3,0.21428571428571427
28,6,0.21428571428571427
19,4,0.21052631578947367
19,4,0.21052631578947367
24,5,0.20833333333333334
53,11,0.20754716981132076
103,21,0.20388349514563106
5,1,0.2
40,8,0.2
15,3,0.2
5,1,0.2
50,10,0.2
60,12,0.2
51,10,0.19607843137254902
36,7,0.19444444444444445
36,7,0.19444444444444445
52,10,0.19230769230769232
32,6,0.1875
27,5,0.18518518518518517
22,4,0.18181818181818182
17,3,0.17647058823529413
41,7,0.17073170731707318
6,1,0.16666666666666666
12,2,0.16666666666666666
42,7,0.16666666666666666
43,7,0.16279069767441862
19,3,0.15789473684210525
26,4,0.15384615384615385
95,14,0.14736842105263157
21,3,0.14285714285714285
7,1,0.14285714285714285
15,2,0.13333333333333333
8,1,0.125
24,3,0.125
26,3,0.11538461538461539
44,5,0.11363636363636363
44,5,0.11363636363636363
11,1,0.09090909090909091
7,0,0.0
1,0,0.0
1,0,0.0
4,0,0.0
1,0,0.0
3,0,0.0
1,0,0.0
3,0,0.0
5,0,0.0
6,0,0.0
